Model,Fluency,Coherence,Speed,TOPSIS Score
gpt2,0.7186931210029668,0.868198688314527,0.8437448639598928,0.5371607435650314
distilgpt2,0.9160197413555812,0.7552951011088316,0.9984220878562807,0.6675547985888242
gpt2-medium,0.9056662284705621,0.8443064398328033,0.8385983112340767,0.7829729532280162
microsoft/DialoGPT-small,0.8115020407715863,0.6415260993706146,0.9136273979915844,0.26997042085616557
